<?xml version="1.0" encoding="UTF-8" standalone="yes"?>
<addon id="repository.estest" name="estest repository" version="1.0" provider-name="bonnyy">
	<extension point="xbmc.addon.repository" name="estest repository">
		<info compressed="false">https://raw.githubusercontent.com/boni1974/repository.estest/master/addons.xml</info>
		<checksum>https://raw.githubusercontent.com/boni1974/repository.estest/master/addons.xml.md5</checksum>
		<datadir zip="true">https://raw.githubusercontent.com/boni1974/repository.estest/master/</datadir>
	</extension>
	<extension point="xbmc.addon.metadata">
		<summary>Mi repositorio</summary>
		<description>Mi repositorio</description>
		<disclaimer></disclaimer>
		<platform>all</platform>
	</extension>
</addon>